,genCQs,best_expertCQs,best_cos_score
0,What are the main components of an interactive system in the context of Human-Computer Interaction?,What does make up the user interface of an interactive computer system?,0.8488
1,How can user characteristics influence the design of adaptive user interfaces?,What does make up the user interface of an interactive computer system?,0.5447
2,What role do input and output modalities play in developing adaptive interfaces?,What does make up the user interface of an interactive computer system?,0.4656
3,How can various sensory disabilities affect the choice of interaction modalities in HCI systems?,How can a user interact in human–computer interactions?,0.4388
4,What ontology-based methods are used to model user characteristics for interface adaptation?,What does make up the user interface of an interactive computer system?,0.452
5,How do physical devices facilitate input and output modalities in interactive systems?,How is a user input processed by an interactive computer system and how is the corresponding output presented to him/her?,0.66
6,What are the criteria for determining suitable adaptive strategies for users with different abilities?,How does a user evaluate if his/her goal was achieved in a human–computer interaction?,0.4184
7,How can ontologies be used to infer new information about user interactions in HCI?,How can a user interact in human–computer interactions?,0.5436
8,In what ways can daily life activities be modeled to improve accessibility in HCI?,How can a user interact in human–computer interactions?,0.4247
9,What properties and restrictions are used to ensure ontology consistency in adaptive interface design?,What does make up the user interface of an interactive computer system?,0.3072
10,How can user preferences be integrated into an adaptive user interface using ontology reasoning?,What does make up the user interface of an interactive computer system?,0.3955
11,What methods are employed to measure user capabilities and incorporate them into HCI systems?,How does a user evaluate if his/her goal was achieved in a human–computer interaction?,0.4898
12,How can rule-based reasoning support the adaptation of user interfaces to different user profiles?,"Considering intentionality, how can a user interact with an interactive computer system?",0.3631
13,What are the benefits of using activity-centered design (ACD) in developing accessible interactive systems?,What does make up the user interface of an interactive computer system?,0.5128
14,How does the combination of various input and output modalities contribute to the effectiveness of HCI systems?,How is a user input processed by an interactive computer system and how is the corresponding output presented to him/her?,0.4885
