,genCQ,best_expertCQ,best_cos_score
0,Which case studies have significantly influenced Requirements Engineering practices?,How have the proportions of case studies and action research in the empirical methods used evolved over time?,0.5704
1,How might future advancements in AI alter Requirements Engineering strategies and results?,How has comparing new approaches with relevant alternative approaches used in the industry evolved over time?,0.3611
2,What role does Requirements Engineering play in disaster recovery and contingency planning?,What are the conceptual and operational definitions used for key constructs and variables in empirical research in SE and RE?,0.3513
3,How has the evolution of methodologies in Requirements Engineering been documented over the past decades?,How has the use of conceptual and operational definitions for key constructs and variables evolved over time in empirical research in SE and RE?,0.4699
4,How does Requirements Engineering support the scalability of software systems?,How many empirical studies are by authors working for large software development companies?,0.339
5,Which empirical studies compare traditional and modern Requirements Engineering techniques?,How do the authors justify the selection and combination of empirical methods and design elements?,0.481
6,"What types of conflicts commonly occur over requirements, and how are they resolved?",What are the conceptual and operational definitions used for key constructs and variables in empirical research in SE and RE?,0.3142
7,What challenges do IoT and other emerging technologies pose to Requirements Engineering?,How has the reporting of the tasks evolved over time?,0.2579
8,What are the effects of budget limitations on successfully conducting Requirements Engineering?,How many empirical studies are by authors working for large software development companies?,0.3388
9,How do empirical studies address the issue of scope creep in software projects?,How many empirical studies are by authors working for large software development companies?,0.5772
10,Which notable conferences focus on presenting Requirements Engineering findings?,Do the authors report the selected context of their study with specific characteristics?,0.4028
11,What is the role of formal education in advancing Requirements Engineering practices?,What are the conceptual and operational definitions used for key constructs and variables in empirical research in SE and RE?,0.3611
12,How do requirements evolve during the software development lifecycle according to empirical research?,How many empirical studies are by authors working for large software development companies?,0.5489
13,How does stakeholder communication impact the outcomes of Requirements Engineering?,Do the authors use conceptual and operational definitions for key constructs and variables in empirical research in SE and RE?,0.3699
14,Which theoretical frameworks are commonly applied in Requirements Engineering research?,What are the conceptual and operational definitions used for key constructs and variables in empirical research in SE and RE?,0.4751
15,Which studies address the challenges of collaborative Requirements Engineering in remote teams?,How many empirical studies are by authors working for large software development companies?,0.3576
16,What are the landmark papers in Requirements Engineering?,How do the authors justify the selection and combination of empirical methods and design elements?,0.3926
17,How do different geographical regions contribute to and impact Requirements Engineering research?,How have the proportions of case studies and action research in the empirical methods used evolved over time?,0.3749
18,How does cooperation with industry partners influence Requirements Engineering research outcomes?,How has the proportion of studies by authors working for large software development companies evolved over time?,0.4316
19,What techniques are most effective for eliciting requirements according to recent studies?,How do the authors justify the selection and combination of empirical methods and design elements?,0.445
20,What strategies are recommended for maintaining requirements after initial deployment?,What are the conceptual and operational definitions used for key constructs and variables in empirical research in SE and RE?,0.243
21,What role do regulatory and compliance requirements play in the Requirements Engineering process?,What are the conceptual and operational definitions used for key constructs and variables in empirical research in SE and RE?,0.383
22,How is Requirements Engineering coordinated with user experience design?,How do the authors justify the selection and combination of empirical methods and design elements?,0.3701
23,How effective are visualization tools for requirements communication in practice?,How has the use of triangulation for research design evolved over time?,0.3797
24,What are the implications of virtual reality technologies on Requirements Engineering practices?,What are the conceptual and operational definitions used for key constructs and variables in empirical research in SE and RE?,0.3632
25,How can client-stakeholder communication be improved based on empirical research findings in Requirements Engineering?,How many empirical studies are by authors working for large software development companies?,0.4243
26,Which graphical models are most commonly used in Requirements Engineering research?,Do the authors use a well defined taxonomy for their research design?,0.3654
27,"How is Requirements Engineering applied across different domains like healthcare, finance, and education?",What are the conceptual and operational definitions used for key constructs and variables in empirical research in SE and RE?,0.3187
28,What tools assess the quality or effectiveness of Requirements Engineering processes?,What are the conceptual and operational definitions used for key constructs and variables in empirical research in SE and RE?,0.3825
29,Which academic institutions are leaders in Requirements Engineering research?,How has the proportion of studies by authors working for large software development companies evolved over time?,0.42
30,How are requirements traceability concerns addressed in different software project settings?,How many empirical studies are by authors working for large software development companies?,0.2793
31,How are Requirements Engineering methods and tools adapted for open-source projects?,How many empirical studies are by authors working for large software development companies?,0.3694
32,Which research discusses strategies for resolving conflicts in Requirements Engineering?,What are the conceptual and operational definitions used for key constructs and variables in empirical research in SE and RE?,0.3427
33,Which empirical studies focus on training for Requirements Engineering roles?,How many empirical studies are by authors working for large software development companies?,0.4556
34,What software tools are commonly used in Requirements Engineering studies?,How many empirical studies are by authors working for large software development companies?,0.4643
35,What emerging trends are reshaping Requirements Engineering research?,Which sub-fields of SE and RE do the empirical studies cover over time?,0.4461
36,What are the most accepted practices for managing requirements changes during software development?,How many empirical studies are by authors working for large software development companies?,0.3282
37,How are different software development life cycles accommodating Requirements Engineering phases?,How has the proportion of studies by authors working for large software development companies evolved over time?,0.394
38,What journals are known for publishing high-impact Requirements Engineering research?,Which digital libraries with publications from SE and RE and related disciplines do authors use for (systematic literature) reviews?,0.4717
39,What methodologies link business goals and technical requirements effectively?,What are the conceptual and operational definitions used for key constructs and variables in empirical research in SE and RE?,0.4159
40,"How do empirical studies document the success of Requirements Engineering in critical infrastructure projects (e.g., healthcare, aerospace)?",What are the conceptual and operational definitions used for key constructs and variables in empirical research in SE and RE?,0.5131
41,How crucial are stakeholder interviews in gathering requirements?,Do the authors report the selected context of their study with specific characteristics?,0.3547
42,What ethical considerations are essential during the data collection phase of Requirements Engineering?,Do the authors synthesize and present the results as checklists or guidelines applicable for industrial users?,0.3428
43,What strategies are effective for integrating user feedback into the Requirements Engineering process?,"What empirical methods are used to conduct integrative and interpretive (systematic literature) reviews, so-called secondary research?",0.2836
44,What methods are used to handle non-functional requirements in recent studies?,"What empirical methods are used to conduct integrative and interpretive (systematic literature) reviews, so-called secondary research?",0.432
45,What implications do global pandemics have on conducting Requirements Engineering?,"Do the authors synthesize and present the results as checklists or guidelines applicable for industrial users, such as policy-makers, practitioners, and the general public?",0.3161
46,How are security requirements addressed in empirical Requirements Engineering studies?,What are the conceptual and operational definitions used for key constructs and variables in empirical research in SE and RE?,0.4671
47,What are the best practices for conducting Requirements Engineering in multinational projects?,What are the conceptual and operational definitions used for key constructs and variables in empirical research in SE and RE?,0.3049
48,How do emerging standards and protocols influence Requirements Engineering methodologies and outcomes?,How has the use of standards to describe the theories incorporated evolved over time?,0.4817
49,What are the particular challenges and solutions documented for government-related Requirements Engineering projects?,How has the reporting of the tasks evolved over time?,0.3099
50,What effects has cloud computing introduced into Requirements Engineering procedures?,How many empirical studies are by authors working for large software development companies?,0.3197
51,What organizations or bodies fund Requirements Engineering research?,How many empirical studies are by authors working for large software development companies?,0.4203
52,Which studies focus on mobile application development within Requirements Engineering?,How have the proportions of case studies and action research in the empirical methods used evolved over time?,0.3757
53,How do cultural differences influence Requirements Engineering processes and outcomes?,Do the authors report the selected context of their study with specific characteristics?,0.329
54,How are Requirements Engineering processes tailored for both products and services?,How do the authors justify the selection and combination of empirical methods and design elements?,0.258
55,How is privacy ensured in Requirements Engineering processes concerning empirical data?,How do the authors justify the selection and combination of empirical methods and design elements?,0.3611
56,What networks or collaborations are prominent among Requirements Engineering researchers?,How many empirical studies are by authors working for large software development companies?,0.4541
57,What are common misunderstandings about Requirements Engineering in academic research?,How has the use of conceptual and operational definitions for key constructs and variables evolved over time in empirical research in SE and RE?,0.3911
58,How does Requirements Engineering manage dependencies within complex systems and products?,What are the conceptual and operational definitions used for key constructs and variables in empirical research in SE and RE?,0.2551
59,What methodologies dominate empirical research in Requirements Engineering?,How do the authors justify the selection and combination of empirical methods and design elements?,0.5918
60,How is artificial intelligence integrated into current Requirements Engineering practices?,How has the use of conceptual and operational definitions for key constructs and variables evolved over time in empirical research in SE and RE?,0.3824
61,How is the verification and validation of requirements managed in various industries?,Do the authors synthesize and present the results as checklists or guidelines applicable for industrial users?,0.4395
62,What studies focus on the application of Requirements Engineering in agile development environments?,How have the proportions of case studies and action research in the empirical methods used evolved over time?,0.3911
63,How is Requirements Engineering being adapted for cybersecurity projects?,What are the conceptual and operational definitions used for key constructs and variables in empirical research in SE and RE?,0.2931
64,What metrics are most useful for determining the effectiveness of Requirements Engineering practices?,What are the conceptual and operational definitions used for key constructs and variables in empirical research in SE and RE?,0.4153
65,What are the primary challenges identified in recent Requirements Engineering research?,What are the conceptual and operational definitions used for key constructs and variables in empirical research in SE and RE?,0.3732
66,How does Requirements Engineering help mitigate the risk of project failures?,What are the conceptual and operational definitions used for key constructs and variables in empirical research in SE and RE?,0.2711
67,What are the latest technological innovations impacting Requirements Engineering?,How has comparing new approaches with relevant alternative approaches used in the industry evolved over time?,0.4527
68,What socio-technical elements are considered in modern Requirements Engineering?,What are the conceptual and operational definitions used for key constructs and variables in empirical research in SE and RE?,0.448
69,How do studies measure the effectiveness or success of a Requirements Engineering process?,How has the use of (a common set of empirically derived) criteria to assess the quality of individual studies evolved over time?,0.5142
70,What issues predominantly arise during the specification phase of Requirements Engineering?,What are the conceptual and operational definitions used for key constructs and variables in empirical research in SE and RE?,0.4121
71,How are feedback mechanisms from stakeholders designed and implemented in Requirements Engineering processes?,How has the use of conceptual and operational definitions for key constructs and variables evolved over time in empirical research in SE and RE?,0.3462
72,Which researchers have made the most significant contributions to the field of Requirements Engineering?,How many empirical studies are by authors working for large software development companies?,0.5011
73,How do legislative changes impact Requirements Engineering processes and practices?,How has the use of conceptual and operational definitions for key constructs and variables evolved over time in empirical research in SE and RE?,0.3356
74,How is the effectiveness of requirements prioritization techniques assessed in empirical research?,How do the authors justify the selection and combination of empirical methods and design elements?,0.5258
75,Can you provide examples of successful Requirements Engineering implementations in large projects?,How many empirical studies are by authors working for large software development companies?,0.4729
76,How do empirical results impact the methodologies and practices in Requirements Engineering?,How do the authors justify the selection and combination of empirical methods and design elements?,0.5698
