expertCQs,genCQs
How has the proportion of empirical studies evolved over time?,What methodologies dominate empirical research in Requirements Engineering?
How often are which empirical methods used over time?,How has the evolution of methodologies in Requirements Engineering been documented over the past decades?
Which sub-fields of SE and RE do the empirical studies cover over time?,What are the landmark papers in Requirements Engineering?
 How do the authors justify the lack of a proper study?,Which researchers have made the most significant contributions to the field of Requirements Engineering?
How has the proportion of papers that do not have an empirical study evolved over time?,Which academic institutions are leaders in Requirements Engineering research?
How many empirical studies are by authors working for large software development companies?,What organizations or bodies fund Requirements Engineering research?
How has the proportion of studies by authors working for large software development companies evolved over time?,How do empirical results impact the methodologies and practices in Requirements Engineering?
"How has building on previous research data and results, including from other disciplines, evolved over time?",What software tools are commonly used in Requirements Engineering studies?
How do the authors justify the selection and combination of empirical methods and design elements?,What are the primary challenges identified in recent Requirements Engineering research?
How often are which empirical methods used?,Which notable conferences focus on presenting Requirements Engineering findings?
"How have the proportions of experiments, secondary research (reviews), surveys, case studies, and action research in the empirical methods used evolved over time?",What journals are known for publishing high-impact Requirements Engineering research?
How has the proportion of replications evolved over time?,What emerging trends are reshaping Requirements Engineering research?
How has the use of triangulation for research design evolved over time?,How is artificial intelligence integrated into current Requirements Engineering practices?
How often are those who conduct the studies also the authors of the papers?,What studies focus on the application of Requirements Engineering in agile development environments?
How do the authors justify preventing bias in the study results?,Which case studies have significantly influenced Requirements Engineering practices?
How has the proportion of pure demonstrations (proof of concept) and simple experience reports (lessons learned) evolved over time?,How do different geographical regions contribute to and impact Requirements Engineering research?
How has comparing new approaches with relevant alternative approaches used in the industry evolved over time?,What networks or collaborations are prominent among Requirements Engineering researchers?
How often are which statistical methods used?,What is the role of formal education in advancing Requirements Engineering practices?
How has the use of statistical methods evolved over time?,How does cooperation with industry partners influence Requirements Engineering research outcomes?
Do authors report that assumptions and limitations of statistical methods are met before using them?,Which theoretical frameworks are commonly applied in Requirements Engineering research?
How has the definition of the population evolved over time?,What techniques are most effective for eliciting requirements according to recent studies?
How has the use of power analysis and effect size estimation evolved over time?,How are different software development life cycles accommodating Requirements Engineering phases?
How has the reporting of threats to validity evolved over time?,What issues predominantly arise during the specification phase of Requirements Engineering?
What types of threats to validity do the authors report?,How are security requirements addressed in empirical Requirements Engineering studies?
How has the use of theories for a diverse and reflective generalization of study results evolved over time?,What are the most accepted practices for managing requirements changes during software development?
How have the proportions of case studies and action research in the empirical methods used evolved over time?,"How is Requirements Engineering applied across different domains like healthcare, finance, and education?"
How has the reporting of the subjects evolved over time?,What methods are used to handle non-functional requirements in recent studies?
How has the reporting of the objects of study / treatments evolved over time?,What socio-technical elements are considered in modern Requirements Engineering?
How has the reporting of the tasks evolved over time?,How is the effectiveness of requirements prioritization techniques assessed in empirical research?
How has the reporting of the setting evolved over time?,What role do regulatory and compliance requirements play in the Requirements Engineering process?
Do the authors synthesize and present the results as checklists or guidelines applicable for industrial users?,How effective are visualization tools for requirements communication in practice?
How has the the reporting of the population evolved over time?,Which studies address the challenges of collaborative Requirements Engineering in remote teams?
How has the reporting of the context evolved over time?,How is the verification and validation of requirements managed in various industries?
Do the authors exlain WHY their apporach is better than others in a selected context with specific characteristics?,What effects has cloud computing introduced into Requirements Engineering procedures?
Do the authors exlain WHEN their apporach is better than others in a selected context with specific characteristics?,How do studies measure the effectiveness or success of a Requirements Engineering process?
Do the authors exlain HOW their apporach is better than others in a selected context with specific characteristics?,What are the latest technological innovations impacting Requirements Engineering?
Do the authors report the selected context of their study with specific characteristics?,How crucial are stakeholder interviews in gathering requirements?
Does the research design allow for efficient reuse of study (results) by other researchers?,How do cultural differences influence Requirements Engineering processes and outcomes?
"How has the provision of data (the materials used, raw data collected, and study results identified) evolved over time?","What types of conflicts commonly occur over requirements, and how are they resolved?"
How has the reporting of research questions and answers evolved over time?,How is Requirements Engineering coordinated with user experience design?
How has the use of language (academic vs. plain) in scientific publications evolved over time?,What challenges do IoT and other emerging technologies pose to Requirements Engineering?
Do the authors use a well defined taxonomy for their research design?,How are Requirements Engineering processes tailored for both products and services?
Do the authors use other channels to publish their results for making them available to industrial users?,Can you provide examples of successful Requirements Engineering implementations in large projects?
"What empirical methods are used to conduct integrative and interpretive (systematic literature) reviews, so-called secondary research?",How is privacy ensured in Requirements Engineering processes concerning empirical data?
"How has the proportions of  empirical methods to conduct (systematic literature) reviews, so-called secondary research, evolved over time?",What ethical considerations are essential during the data collection phase of Requirements Engineering?
Have the authors done a systematic review of related work?,How are Requirements Engineering methods and tools adapted for open-source projects?
"How up-to-date (and relevant) are reported (systematic) reviews, so-called secondary research?",What tools assess the quality or effectiveness of Requirements Engineering processes?
How many publications are analyzed in (systematic literature) reviews?,Which empirical studies focus on training for Requirements Engineering roles?
"Do the authors synthesize and present the results as checklists or guidelines applicable for industrial users, such as policy-makers, practitioners, and the general public?",How does stakeholder communication impact the outcomes of Requirements Engineering?
"Do the authors refer to and consistently use a basic terminology, descriptors, and keywords to identify and select primary studies for (systematic literature) reviews?",What strategies are recommended for maintaining requirements after initial deployment?
"Do electronic resources (digital libraries and databases) provide all the functionalies that support the identification, selection, and retrieval of bibliographic and full-text information about SE research?",What are the particular challenges and solutions documented for government-related Requirements Engineering projects?
Do the authors use multiple digital libraries including publications from SE and RE and related disciplines for (systematic literature) reviews?,How might future advancements in AI alter Requirements Engineering strategies and results?
Which digital libraries with publications from SE and RE and related disciplines do authors use for (systematic literature) reviews?,What methodologies link business goals and technical requirements effectively?
Do the authors use (a common set of empirically derived) criteria to assess the quality of individual studies?,How does Requirements Engineering help mitigate the risk of project failures?
How has the use of (a common set of empirically derived) criteria to assess the quality of individual studies evolved over time?,How are requirements traceability concerns addressed in different software project settings?
Do the authors use (a common set of empirically derived) criteria to characterize the quality of secondary research and thus the overall strength of a body of evidence?,What role does Requirements Engineering play in disaster recovery and contingency planning?
How has the use of (a common set of empirically derived) criteria to characterize the quality of secondary research and thus the overall strength of a body of evidence evolved over time?,What metrics are most useful for determining the effectiveness of Requirements Engineering practices?
Do the authors use conceptual and operational definitions for key constructs and variables in empirical research in SE and RE?,How does Requirements Engineering manage dependencies within complex systems and products?
What are the conceptual and operational definitions used for key constructs and variables in empirical research in SE and RE?,Which empirical studies compare traditional and modern Requirements Engineering techniques?
How has the use of conceptual and operational definitions for key constructs and variables evolved over time in empirical research in SE and RE?,How are feedback mechanisms from stakeholders designed and implemented in Requirements Engineering processes?
How many different empirical methods are used per publication?,Which research discusses strategies for resolving conflicts in Requirements Engineering?
How has the number of empirical methods used per publication evolved over time?,What are the effects of budget limitations on successfully conducting Requirements Engineering?
Which methods are used to synthesize evidence from data of different empirical methods?,Which graphical models are most commonly used in Requirements Engineering research?
How many studies incorporate theories?,"How do empirical studies document the success of Requirements Engineering in critical infrastructure projects (e.g., healthcare, aerospace)?"
How has the incorporation of theories in studies evolved over time?,How do requirements evolve during the software development lifecycle according to empirical research?
"For which purpose do authors incorporate theories into their studies (use, testing, modification, formulation)?",What are common misunderstandings about Requirements Engineering in academic research?
"What is the proportion of theories from other disciplines, from other disciplines with adaptions for the SE and RE, and from SE and RE itself?",How do legislative changes impact Requirements Engineering processes and practices?
"How has the proportion of theories from other disciplines, from other disciplines with adaptions for the SE (RE), and from SE (RE) itself evolved over time?",What implications do global pandemics have on conducting Requirements Engineering?
How many theories from the SE and RE are there?,Which studies focus on mobile application development within Requirements Engineering?
How has the number of theories from SE and RE evolved over time?,How can client-stakeholder communication be improved based on empirical research findings in Requirements Engineering?
"On which levels of sophistication are the theories from SE and RE? (level 1, level 2, or level 3 defined in Sj√∏berg et al. [1])",What strategies are effective for integrating user feedback into the Requirements Engineering process?
What is the proportion of each of the three levels of sophistication for theories from SE and RE?,How is Requirements Engineering being adapted for cybersecurity projects?
How has the proportion of each of the three levels of sophistication for theories from SE and RE evolved over time?,How does Requirements Engineering support the scalability of software systems?
"Do the authors use standards to describe the theories incorporated (used, tested, modified, formulated)?",What are the implications of virtual reality technologies on Requirements Engineering practices?
How often are standards used to describe the theories incorporated?,How do empirical studies address the issue of scope creep in software projects?
How has the use of standards to describe the theories incorporated evolved over time?,What are the best practices for conducting Requirements Engineering in multinational projects?
Do the authors refer to a reference (website or systematic review) that systematizes and characterizes the theory incorporated?,How do emerging standards and protocols influence Requirements Engineering methodologies and outcomes?